logged_at,heure,jour_semaine,is_weekend,station_dep,station_arr,lignes,affluence_score,climatisation_score,accessibilite_score,correspondances_score,equipements_score,nb_correspondances,meteo_temperature,meteo_precipitation,score_confort
2026-07-20T14:27:05.190340+00:00,8,0,0,Vincennes,La Défense,A,0.0,6,7,10,10,0,23.2,0.0,5.6
2026-07-20T14:27:05.465303+00:00,8,0,0,Vincennes,La Défense,A,0.0,6,7,10,10,0,23.2,0.0,5.6
2026-07-20T14:27:05.762938+00:00,8,0,0,Vincennes,La Défense,1,0.0,10,7,10,10,0,23.2,0.0,5.6
2026-07-20T14:27:10.400989+00:00,12,0,0,Vincennes,La Défense,A,6.4,6,7,10,10,0,23.2,0.0,7.8
2026-07-20T14:27:10.705399+00:00,12,0,0,Vincennes,La Défense,A,6.4,6,7,10,10,0,23.2,0.0,7.8
2026-07-20T14:27:11.037818+00:00,12,0,0,Vincennes,La Défense,1,5.5,10,7,10,10,0,23.2,0.0,7.5
2026-07-20T14:27:15.259943+00:00,17,0,0,Vincennes,La Défense,A,0.0,6,7,10,10,0,23.2,0.0,5.6
2026-07-20T14:27:15.581033+00:00,17,0,0,Vincennes,La Défense,A,0.0,6,7,10,10,0,23.2,0.0,5.6
2026-07-20T14:27:15.880185+00:00,17,0,0,Vincennes,La Défense,1,0.0,10,7,10,10,0,23.2,0.0,5.6
2026-07-20T14:27:20.263187+00:00,20,0,0,Vincennes,La Défense,A,3.4,6,7,10,10,0,23.2,0.0,6.8
2026-07-20T14:27:20.602730+00:00,20,0,0,Vincennes,La Défense,A,3.4,6,7,10,10,0,23.2,0.0,6.8
2026-07-20T14:27:20.935084+00:00,20,0,0,Vincennes,La Défense,1,4.5,10,7,10,10,0,23.2,0.0,7.2
2026-07-20T14:27:27.081991+00:00,8,0,0,Châtelet - Les Halles,Nation,D|1,1.7,6,7,7,10,1,23.2,0.0,5.6
2026-07-20T14:27:28.037142+00:00,8,0,0,Châtelet - Les Halles,Nation,1,1.7,10,7,10,10,0,23.2,0.0,6.2
2026-07-20T14:27:35.872724+00:00,8,0,0,Châtelet - Les Halles,Nation,,1.1,5,7,10,2,0,23.2,0.0,4.8
2026-07-20T14:27:39.994929+00:00,12,0,0,Châtelet - Les Halles,Nation,A|1,5.9,6,7,7,10,1,23.2,0.0,7.1
2026-07-20T14:27:40.396083+00:00,12,0,0,Châtelet - Les Halles,Nation,1,5.9,10,7,10,10,0,23.2,0.0,7.7
2026-07-20T14:27:40.876897+00:00,12,0,0,Châtelet - Les Halles,Nation,,6.0,5,7,10,2,0,23.2,0.0,6.5
2026-07-20T14:27:45.102061+00:00,17,0,0,Châtelet - Les Halles,Nation,A|1,0.0,6,7,7,10,1,23.2,0.0,5.0
2026-07-20T14:27:45.493456+00:00,17,0,0,Châtelet - Les Halles,Nation,1,0.0,10,7,10,10,0,23.2,0.0,5.6
2026-07-20T14:27:45.924290+00:00,17,0,0,Châtelet - Les Halles,Nation,,1.0,5,7,10,2,0,23.2,0.0,4.8
2026-07-20T14:27:50.642153+00:00,20,0,0,Châtelet - Les Halles,Nation,A|1,4.5,6,7,7,10,1,23.2,0.0,6.6
2026-07-20T14:27:51.030330+00:00,20,0,0,Châtelet - Les Halles,Nation,1,4.5,10,7,10,10,0,23.2,0.0,7.2
2026-07-20T14:27:51.498038+00:00,20,0,0,Châtelet - Les Halles,Nation,,3.0,5,7,10,2,0,23.2,0.0,5.5
2026-07-20T14:27:56.034570+00:00,8,0,0,Gare du Nord,Montparnasse,B|82,0.3,5,7,7,5,1,23.2,0.0,4.4
2026-07-20T14:27:56.481482+00:00,8,0,0,Gare du Nord,Montparnasse,B|4,0.3,6,7,9,10,1,23.2,0.0,5.5
2026-07-20T14:27:56.890860+00:00,8,0,0,Gare du Nord,Montparnasse,,1.1,5,7,10,2,0,23.2,0.0,4.8
2026-07-20T14:28:01.060904+00:00,12,0,0,Gare du Nord,Montparnasse,B|4,4.7,6,7,9,10,1,23.2,0.0,7.0
2026-07-20T14:28:01.382102+00:00,12,0,0,Gare du Nord,Montparnasse,B|6,4.8,2,7,7,10,1,23.2,0.0,6.7
2026-07-20T14:28:01.684515+00:00,12,0,0,Gare du Nord,Montparnasse,,6.0,5,7,10,2,0,23.2,0.0,6.5
2026-07-20T14:28:05.725678+00:00,17,0,0,Gare du Nord,Montparnasse,B|4,0.0,6,7,9,10,1,23.2,0.0,5.4
2026-07-20T14:28:06.165526+00:00,17,0,0,Gare du Nord,Montparnasse,39,1.0,5,7,10,2,0,23.2,0.0,4.8
2026-07-20T14:28:06.723412+00:00,17,0,0,Gare du Nord,Montparnasse,,1.0,5,7,10,2,0,23.2,0.0,4.8
2026-07-20T14:28:11.225817+00:00,20,0,0,Gare du Nord,Montparnasse,B|82,4.5,5,7,7,5,1,23.2,0.0,5.8
2026-07-20T14:28:11.822881+00:00,20,0,0,Gare du Nord,Montparnasse,39,3.0,5,7,10,2,0,23.2,0.0,5.5
2026-07-20T14:28:12.155502+00:00,20,0,0,Gare du Nord,Montparnasse,,3.0,5,7,10,2,0,23.2,0.0,5.5
2026-07-20T14:28:16.345682+00:00,8,0,0,Porte Maillot,Bastille,1,1.9,10,7,10,10,0,23.2,0.0,6.3
2026-07-20T14:28:16.857224+00:00,8,0,0,Porte Maillot,Bastille,1,1.9,10,7,10,10,0,23.2,0.0,6.3
2026-07-20T14:28:17.371583+00:00,8,0,0,Porte Maillot,Bastille,,1.1,5,7,10,2,0,23.2,0.0,4.8
2026-07-20T14:28:21.592535+00:00,12,0,0,Porte Maillot,Bastille,1,5.6,10,7,10,10,0,23.2,0.0,7.6
2026-07-20T14:28:21.858196+00:00,12,0,0,Porte Maillot,Bastille,1,5.6,10,7,10,10,0,23.2,0.0,7.6
2026-07-20T14:28:22.136387+00:00,12,0,0,Porte Maillot,Bastille,,6.0,5,7,10,2,0,23.2,0.0,6.5
2026-07-20T14:28:26.650753+00:00,17,0,0,Porte Maillot,Bastille,1,0.0,10,7,10,10,0,23.2,0.0,5.6
2026-07-20T14:28:27.170851+00:00,17,0,0,Porte Maillot,Bastille,1,0.0,10,7,10,10,0,23.2,0.0,5.6
2026-07-20T14:28:27.686679+00:00,17,0,0,Porte Maillot,Bastille,,1.0,5,7,10,2,0,23.2,0.0,4.8
2026-07-20T14:28:32.202834+00:00,20,0,0,Porte Maillot,Bastille,1,4.5,10,7,10,10,0,23.2,0.0,7.2
2026-07-20T14:28:32.732223+00:00,20,0,0,Porte Maillot,Bastille,1,4.5,10,7,10,10,0,23.2,0.0,7.2
2026-07-20T14:28:33.247917+00:00,20,0,0,Porte Maillot,Bastille,,3.0,5,7,10,2,0,23.2,0.0,5.5
2026-07-20T14:28:37.795132+00:00,8,0,0,République,Denfert-Rochereau,5|B,0.3,2,7,7,10,1,23.2,0.0,5.1
2026-07-20T14:28:38.060542+00:00,8,0,0,République,Denfert-Rochereau,5|6,0.0,2,7,9,10,1,23.2,0.0,5.4
2026-07-20T14:28:38.368185+00:00,8,0,0,République,Denfert-Rochereau,,1.1,5,7,10,2,0,23.2,0.0,4.8
2026-07-20T14:28:42.669636+00:00,12,0,0,République,Denfert-Rochereau,5|B,5.8,2,7,7,10,1,23.2,0.0,7.0
2026-07-20T14:28:43.075113+00:00,12,0,0,République,Denfert-Rochereau,5|6,4.8,2,7,9,10,1,23.2,0.0,7.1
2026-07-20T14:28:43.481872+00:00,12,0,0,République,Denfert-Rochereau,,6.0,5,7,10,2,0,23.2,0.0,6.5
2026-07-20T14:28:47.943720+00:00,17,0,0,République,Denfert-Rochereau,5|B,0.0,2,7,7,10,1,23.2,0.0,5.0
2026-07-20T14:28:48.231433+00:00,17,0,0,République,Denfert-Rochereau,5,0.0,2,7,10,5,0,23.2,0.0,4.8
2026-07-20T14:28:48.530659+00:00,17,0,0,République,Denfert-Rochereau,,1.0,5,7,10,2,0,23.2,0.0,4.8
2026-07-20T14:28:53.960766+00:00,20,0,0,République,Denfert-Rochereau,5|B,4.5,2,7,7,10,1,23.2,0.0,6.6
2026-07-20T14:28:54.255086+00:00,20,0,0,République,Denfert-Rochereau,5,5.9,2,7,10,5,0,23.2,0.0,6.9
2026-07-20T14:28:54.532351+00:00,20,0,0,République,Denfert-Rochereau,,3.0,5,7,10,2,0,23.2,0.0,5.5
2026-07-20T14:29:00.834747+00:00,8,0,0,Saint-Lazare,Gare de Lyon,14,0.0,10,7,10,10,0,23.2,0.0,5.6
2026-07-20T14:29:01.830137+00:00,8,0,0,Saint-Lazare,Gare de Lyon,14,0.0,10,7,10,10,0,23.2,0.0,5.6
2026-07-20T14:29:02.944410+00:00,8,0,0,Saint-Lazare,Gare de Lyon,,1.1,5,7,10,2,0,23.2,0.0,4.8
2026-07-20T14:29:09.299422+00:00,12,0,0,Saint-Lazare,Gare de Lyon,14,6.2,10,7,10,10,0,23.2,0.0,7.8
2026-07-20T14:29:10.063598+00:00,12,0,0,Saint-Lazare,Gare de Lyon,14,6.2,10,7,10,10,0,23.2,0.0,7.8
2026-07-20T14:29:10.951157+00:00,12,0,0,Saint-Lazare,Gare de Lyon,,6.0,5,7,10,2,0,23.2,0.0,6.5
2026-07-20T14:29:15.421602+00:00,17,0,0,Saint-Lazare,Gare de Lyon,14,0.0,10,7,10,10,0,23.2,0.0,5.6
2026-07-20T14:29:15.862766+00:00,17,0,0,Saint-Lazare,Gare de Lyon,14,0.0,10,7,10,10,0,23.2,0.0,5.6
2026-07-20T14:29:16.900649+00:00,17,0,0,Saint-Lazare,Gare de Lyon,,1.0,5,7,10,2,0,23.2,0.0,4.8
2026-07-20T14:29:24.348788+00:00,20,0,0,Saint-Lazare,Gare de Lyon,14,4.5,10,7,10,10,0,23.2,0.0,7.2
2026-07-20T14:29:25.241745+00:00,20,0,0,Saint-Lazare,Gare de Lyon,14,4.5,10,7,10,10,0,23.2,0.0,7.2
2026-07-20T14:29:26.202322+00:00,20,0,0,Saint-Lazare,Gare de Lyon,,3.0,5,7,10,2,0,23.2,0.0,5.5
2026-07-20T14:29:32.740608+00:00,8,0,0,Nation,Étoile,1,1.7,10,7,10,10,0,23.2,0.0,6.2
2026-07-20T14:29:33.641871+00:00,8,0,0,Nation,Étoile,2,1.2,2,7,10,10,0,23.2,0.0,6.0
2026-07-20T14:29:34.409774+00:00,8,0,0,Nation,Étoile,,1.1,5,7,10,2,0,23.2,0.0,4.8
2026-07-20T14:29:41.002154+00:00,12,0,0,Nation,Étoile,1,5.9,10,7,10,10,0,23.2,0.0,7.7
2026-07-20T14:29:41.925254+00:00,12,0,0,Nation,Étoile,2,5.1,2,7,10,10,0,23.2,0.0,7.4
2026-07-20T14:29:43.016759+00:00,12,0,0,Nation,Étoile,,6.0,5,7,10,2,0,23.2,0.0,6.5
2026-07-20T14:29:48.898763+00:00,17,0,0,Nation,Étoile,1,0.0,10,7,10,10,0,23.2,0.0,5.6
2026-07-20T14:29:49.352142+00:00,17,0,0,Nation,Étoile,2,0.0,2,7,10,10,0,23.2,0.0,5.6
2026-07-20T14:29:49.680101+00:00,17,0,0,Nation,Étoile,,1.0,5,7,10,2,0,23.2,0.0,4.8
2026-07-20T14:29:54.012456+00:00,20,0,0,Nation,Étoile,1,4.5,10,7,10,10,0,23.2,0.0,7.2
2026-07-20T14:29:54.546124+00:00,20,0,0,Nation,Étoile,2,5.3,2,7,10,10,0,23.2,0.0,7.5
2026-07-20T14:29:54.896082+00:00,20,0,0,Nation,Étoile,,3.0,5,7,10,2,0,23.2,0.0,5.5
2026-07-20T14:30:01.357185+00:00,8,0,0,Bastille,Châtelet - Les Halles,1|A,2.1,6,7,7,10,1,23.2,0.0,5.7
2026-07-20T14:30:02.383453+00:00,8,0,0,Bastille,Châtelet - Les Halles,1,5.1,10,7,10,5,0,23.2,0.0,6.6
2026-07-20T14:30:03.358486+00:00,8,0,0,Bastille,Châtelet - Les Halles,,1.1,5,7,10,2,0,23.2,0.0,4.8
2026-07-20T14:30:10.261721+00:00,12,0,0,Bastille,Châtelet - Les Halles,1|A,6.1,6,7,7,10,1,23.2,0.0,7.1
2026-07-20T14:30:11.198890+00:00,12,0,0,Bastille,Châtelet - Les Halles,1,5.9,10,7,10,5,0,23.2,0.0,6.9
2026-07-20T14:30:12.151954+00:00,12,0,0,Bastille,Châtelet - Les Halles,,6.0,5,7,10,2,0,23.2,0.0,6.5
2026-07-20T14:30:18.941193+00:00,17,0,0,Bastille,Châtelet - Les Halles,1,0.9,10,7,10,5,0,23.2,0.0,5.2
2026-07-20T14:30:19.886364+00:00,17,0,0,Bastille,Châtelet - Les Halles,29,1.0,5,7,10,2,0,23.2,0.0,4.8
2026-07-20T14:30:20.638365+00:00,17,0,0,Bastille,Châtelet - Les Halles,,1.0,5,7,10,2,0,23.2,0.0,4.8
2026-07-20T14:30:27.466711+00:00,20,0,0,Bastille,Châtelet - Les Halles,1|D,4.5,6,7,7,10,1,23.2,0.0,6.6
2026-07-20T14:30:27.958128+00:00,20,0,0,Bastille,Châtelet - Les Halles,1,4.5,10,7,10,5,0,23.2,0.0,6.4
2026-07-20T14:30:28.259929+00:00,20,0,0,Bastille,Châtelet - Les Halles,,3.0,5,7,10,2,0,23.2,0.0,5.5
2026-07-23T07:25:13.108912+00:00,9,3,0,Chatelet Les Halles,Nation,D|1,5.1,6,7,7,10,1,17.3,0.0,6.8
2026-07-23T07:25:13.532841+00:00,9,3,0,Chatelet Les Halles,Nation,1,5.1,10,7,10,10,0,17.3,0.0,7.4
2026-07-23T07:25:37.839571+00:00,9,3,0,Chatelet Les Halles,Nation,,6.0,5,7,10,2,0,17.3,0.0,6.5
2026-07-23T07:26:42.138134+00:00,9,3,0,Chatelet Les Halles,Nation,D|1,5.1,6,7,7,10,1,17.4,0.0,6.8
2026-07-23T07:26:42.616741+00:00,9,3,0,Chatelet Les Halles,Nation,1,5.1,10,7,10,10,0,17.4,0.0,7.4
2026-07-23T07:26:42.991013+00:00,9,3,0,Chatelet Les Halles,Nation,,6.0,5,7,10,2,0,17.4,0.0,6.5
2026-07-23T13:07:39.674656+00:00,15,3,0,Gare Du Nord,Nation,5|2,5.1,2,7,7,10,1,24.4,0.0,6.8
2026-07-23T13:07:40.500134+00:00,15,3,0,Gare Du Nord,Nation,2,4.7,2,7,10,10,0,24.4,0.0,7.2
2026-07-23T13:07:56.364658+00:00,15,3,0,Gare Du Nord,Nation,,6.0,5,7,10,2,0,24.4,0.0,6.5
2026-07-23T16:12:18.351633+00:00,18,3,0,Gare Du Nord,Pont Levallois,4|2|3,0.0,2,7,9,5,2,25.7,0.0,4.7
2026-07-23T16:12:19.363070+00:00,18,3,0,Gare Du Nord,Pont Levallois,3,0.0,2,7,10,5,0,25.7,0.0,4.8
2026-07-23T16:12:20.500197+00:00,18,3,0,Gare Du Nord,Pont Levallois,,1.1,5,7,10,2,0,25.7,0.0,4.8
2026-09-23T07:34:56.816996+00:00,3,2,0,Gare De L Est,Gare Du Nord,N34|N141,10.0,5,7,10,5,0,14.5,0.0,8.3
2026-09-23T07:34:57.393336+00:00,3,2,0,Gare De L Est,Gare Du Nord,N130|N16,10.0,5,7,7,5,1,14.5,0.0,7.8
2026-09-23T07:34:57.911242+00:00,3,2,0,Gare De L Est,Gare Du Nord,N34|N16|B,10.0,5,7,5,5,1,14.5,0.0,7.3
2026-09-23T07:35:31.803724+00:00,18,2,0,Gare De L Est,Gare Du Nord,A|B,0.0,6,7,10,10,0,14.5,0.0,5.6
2026-09-23T07:35:32.320918+00:00,18,2,0,Gare De L Est,Gare Du Nord,A|D,0.0,6,7,10,10,0,14.5,0.0,5.6
2026-09-23T07:35:32.831262+00:00,18,2,0,Gare De L Est,Gare Du Nord,A|4,0.0,6,7,7,10,1,14.5,0.0,5.0
2026-09-23T08:50:22.954586+00:00,18,2,0,Nation,Charles De Gaulle Etoile,A,0.0,6,7,10,10,0,16.8,0.0,5.6
2026-09-23T08:50:23.328404+00:00,18,2,0,Nation,Charles De Gaulle Etoile,1,0.0,10,7,10,10,0,16.8,0.0,5.6
2026-09-23T08:50:34.964494+00:00,18,2,0,Nation,Charles De Gaulle Etoile,,1.0,5,7,10,2,0,16.8,0.0,4.8
2026-09-23T08:53:09.582675+00:00,18,2,0,Nation,Charles De Gaulle Etoile,A,0.0,6,7,10,10,0,16.8,0.0,5.6
2026-09-23T08:53:09.975400+00:00,18,2,0,Nation,Charles De Gaulle Etoile,1,0.0,10,7,10,10,0,16.8,0.0,5.6
2026-09-23T08:53:12.494018+00:00,18,2,0,Nation,Charles De Gaulle Etoile,,1.0,5,7,10,2,0,16.8,0.0,4.8
2026-09-23T08:54:07.343333+00:00,10,2,0,Gare Du Nord,Nation,5|9,6.7,2,7,9,10,1,16.8,0.0,7.7
2026-09-23T08:54:07.782637+00:00,10,2,0,Gare Du Nord,Nation,2,5.9,2,7,10,10,0,16.8,0.0,7.7
2026-09-23T08:54:08.189579+00:00,10,2,0,Gare Du Nord,Nation,,6.0,5,7,10,2,0,16.8,0.0,6.5
2026-09-23T08:56:05.065294+00:00,10,2,0,Gare Du Nord,Nation,D|A,7.2,6,7,10,10,0,16.8,0.0,8.1
2026-09-23T08:56:05.420695+00:00,10,2,0,Gare Du Nord,Nation,2,5.9,2,7,10,10,0,16.8,0.0,7.7
2026-09-23T08:56:05.816466+00:00,10,2,0,Gare Du Nord,Nation,,6.0,5,7,10,2,0,16.8,0.0,6.5
2026-09-23T09:10:35.916308+00:00,11,2,0,Gare Du Nord,Pont Levallois,4|2|3,6.3,2,7,9,5,2,17.3,0.0,6.9
2026-09-23T09:10:37.028013+00:00,11,2,0,Gare Du Nord,Pont Levallois,3,6.3,2,7,10,5,0,17.3,0.0,7.1
2026-09-23T09:10:43.601924+00:00,11,2,0,Gare Du Nord,Pont Levallois,,6.0,5,7,10,2,0,17.3,0.0,6.5
2026-09-23T09:36:01.123437+00:00,8,2,0,Vincennes,La Defense,A,0.0,6,7,10,10,0,18.3,0.0,5.6
2026-09-23T09:36:01.451297+00:00,8,2,0,Vincennes,La Defense,A,0.0,6,7,10,10,0,18.3,0.0,5.6
2026-09-23T09:36:01.761467+00:00,8,2,0,Vincennes,La Defense,1,0.0,10,7,10,10,0,18.3,0.0,5.6
2026-09-23T09:36:13.260765+00:00,8,2,0,Vincennes,La Defense,A,0.0,6,7,10,10,0,18.3,0.0,5.6
2026-09-23T09:36:14.088608+00:00,8,2,0,Vincennes,La Defense,A,0.0,6,7,10,10,0,18.3,0.0,5.6
2026-09-23T09:36:14.506006+00:00,8,2,0,Vincennes,La Defense,1,0.0,10,7,10,10,0,18.3,0.0,5.6
2026-09-23T09:36:16.197628+00:00,8,2,0,Vincennes,La Defense,A,0.0,6,7,10,10,0,18.3,0.0,5.6
2026-09-23T09:36:16.484068+00:00,8,2,0,Vincennes,La Defense,A,0.0,6,7,10,10,0,18.3,0.0,5.6
2026-09-23T09:36:16.817517+00:00,8,2,0,Vincennes,La Defense,1,0.0,10,7,10,10,0,18.3,0.0,5.6
2026-09-23T09:36:18.547080+00:00,8,2,0,Vincennes,La Defense,A,0.0,6,7,10,10,0,18.3,0.0,5.6
2026-09-23T09:36:18.849543+00:00,8,2,0,Vincennes,La Defense,A,0.0,6,7,10,10,0,18.3,0.0,5.6
2026-09-23T09:36:19.143848+00:00,8,2,0,Vincennes,La Defense,1,0.0,10,7,10,10,0,18.3,0.0,5.6
2026-09-23T09:36:20.681058+00:00,8,2,0,Vincennes,La Defense,A,0.0,6,7,10,10,0,18.3,0.0,5.6
2026-09-23T09:36:20.984980+00:00,8,2,0,Vincennes,La Defense,A,0.0,6,7,10,10,0,18.3,0.0,5.6
2026-09-23T09:36:21.290631+00:00,8,2,0,Vincennes,La Defense,1,0.0,10,7,10,10,0,18.3,0.0,5.6
2026-09-23T09:44:24.879957+00:00,8,2,0,Vincennes,La Defense,A,0.0,6,7,10,10,0,18.3,0.0,5.6
2026-09-23T09:44:25.292912+00:00,8,2,0,Vincennes,La Defense,A,0.0,6,7,10,10,0,18.3,0.0,5.6
2026-09-23T09:44:25.691357+00:00,8,2,0,Vincennes,La Defense,1,0.0,10,7,10,10,0,18.3,0.0,5.6
2026-09-23T09:44:27.805915+00:00,8,2,0,Vincennes,La Defense,A,0.0,6,7,10,10,0,18.3,0.0,5.6
2026-09-23T09:44:28.109853+00:00,8,2,0,Vincennes,La Defense,A,0.0,6,7,10,10,0,18.3,0.0,5.6
2026-09-23T09:44:28.451301+00:00,8,2,0,Vincennes,La Defense,1,0.0,10,7,10,10,0,18.3,0.0,5.6
2026-09-23T09:51:06.439710+00:00,8,2,0,Vincennes,La Defense,A,0.0,6,7,10,10,0,18.8,0.0,5.6
2026-09-23T09:51:06.902498+00:00,8,2,0,Vincennes,La Defense,A,0.0,6,7,10,10,0,18.8,0.0,5.6
2026-09-23T09:51:07.241373+00:00,8,2,0,Vincennes,La Defense,1,0.0,10,7,10,10,0,18.8,0.0,5.6
2026-09-23T09:51:08.936683+00:00,8,2,0,Vincennes,La Defense,A,0.0,6,7,10,10,0,18.8,0.0,5.6
2026-09-23T09:51:09.250434+00:00,8,2,0,Vincennes,La Defense,A,0.0,6,7,10,10,0,18.8,0.0,5.6
2026-09-23T09:51:09.632319+00:00,8,2,0,Vincennes,La Defense,1,0.0,10,7,10,10,0,18.8,0.0,5.6
2026-09-23T09:51:11.268158+00:00,8,2,0,Vincennes,La Defense,A,0.0,6,7,10,10,0,18.8,0.0,5.6
2026-09-23T09:51:11.593828+00:00,8,2,0,Vincennes,La Defense,A,0.0,6,7,10,10,0,18.8,0.0,5.6
2026-09-23T09:51:11.957016+00:00,8,2,0,Vincennes,La Defense,1,0.0,10,7,10,10,0,18.8,0.0,5.6
2026-09-23T09:51:13.876674+00:00,8,2,0,Vincennes,La Defense,A,0.0,6,7,10,10,0,18.8,0.0,5.6
2026-09-23T09:51:14.172801+00:00,8,2,0,Vincennes,La Defense,A,0.0,6,7,10,10,0,18.8,0.0,5.6
2026-09-23T09:51:14.475855+00:00,8,2,0,Vincennes,La Defense,1,0.0,10,7,10,10,0,18.8,0.0,5.6
2026-09-23T09:51:28.615601+00:00,8,2,0,Vincennes,La Defense,A,0.0,6,7,10,10,0,18.8,0.0,5.6
2026-09-23T09:51:29.039866+00:00,8,2,0,Vincennes,La Defense,A,0.0,6,7,10,10,0,18.8,0.0,5.6
2026-09-23T09:51:29.622053+00:00,8,2,0,Vincennes,La Defense,1,0.0,10,7,10,10,0,18.8,0.0,5.6
